,tweets,tweets_clean,textblob,vader,sentiment,sentiment_label,user_name,user_statuses_count,user_followers,user_location,fav_count,rt_count,tweet_date,lat,lng,place,country
0,ITâ€™S GOING DOWN IN INDIANAPOLIS LADIES &amp; GENTLEMAN https://t.co/o4OV64T3QW,IT S GOING DOWN IN INDIANAPOLIS LADIES amp GENTLEMAN,-0.15555555555555559,0.0,-0.07777777777777779,neutral,Barstool Indy,1305,7002,"Indianapolis, IN",108,5,2021-05-10 23:59:59,,,"Indianapolis, IN",United States
1,@byJenAMiller @FueledbyLOLZ Along with the Wave Inspire 10. Those 2 updates were so awful that even the Mizuno reps freely admitted it,Along with the Wave Inspire 10 Those 2 updates were so awful that even the Mizuno reps freely admitted it,-0.3,0.4825,0.09125,neutral,Curtis Hall,3693,156,Wisconsin,2,0,2021-05-10 23:59:59,,,"Wisconsin, USA",United States
2,I shoulda got a ppp so I can get a bbl ğŸ˜‚,I shoulda got a ppp so I can get a bbl,0.0,0.4404,0.2202,neutral,Top Tier Masculine Sissy,22195,843,"Dallas, Texas",3,0,2021-05-10 23:59:59,,,"Dallas, TX",United States
3,twitter users looking through their camera roll to  to reply with the same memes under literally every viral tweet that appears on their timeline https://t.co/Yog3vPc5aZ,twitter users looking through their camera roll to to reply with the same memes under literally every viral tweet that appears on their timeline,0.0,0.0,0.0,neutral,2015 Subaru Legacy 2.5 Limited on Work Emitz,1578,78,"Ashburn, VA",0,0,2021-05-10 23:59:59,,,"Ashburn, VA",United States
4,I wanna go to a crawfish boil soo bad ğŸ˜©ğŸ˜,I wanna go to a crawfish boil soo bad,-0.6999999999999998,-0.3818,-0.5408999999999999,negative,Josey,26093,745,"Nashville, TN",0,0,2021-05-10 23:59:59,,,"Nashville, TN",United States
5,"@mulaney JOHN, hello",JOHN hello,0.0,0.0,0.0,neutral,Rachel Ann,43,10,"Corvallis, OR",0,0,2021-05-10 23:59:59,,,"Oregon, USA",United States
6,@trueandfalse_ The last thing I posted was a heartwarming tweet about you and you do this to me. Lying on my name 4 what ğŸ˜”,The last thing I posted was a heartwarming tweet about you and you do this to me Lying on my name 4 what,0.0,0.0,0.0,neutral,LÃ¡zaro,3677,285,"Austin, TX",0,0,2021-05-10 23:59:59,,,"Texas, USA",United States
7,@saulalvarad0711 @Luis15sanchez @DatBoiAlex_713 @SergiooBotello @ApexAdrian5 Where I took your hoe,713 Where I took your hoe,0.0,0.0,0.0,neutral,Jerry,36920,1073,,1,0,2021-05-10 23:59:58,,,"The Woodlands, TX",United States
8,Deversâ€™ sac fly-RBI ties the game at two. #Orioles,Devers sac fly RBI ties the game at two Orioles,0.2,0.0,0.1,neutral,Domenic A. Vadala ğŸ‡ºğŸ‡¸,66808,800,"Manassas, VA",0,0,2021-05-10 23:59:58,,,"Bull Run, VA",United States
9,@PMPamet I agree! The motion has passed!,I agree The motion has passed,0.0,0.4738,0.2369,neutral,Colleen ğŸ‘¾,2405,69,"Brooklyn, NY",0,0,2021-05-10 23:59:58,,,"New Orleans, LA",United States
10,@jarrett_cochran @marcell_white2 @zackdrawdy Sounds like a challenge to me!,cochran white2 Sounds like a challenge to me,0.0,0.4753,0.23765,neutral,Allen Johnson Jr,606,80,"Florida, USA",2,0,2021-05-10 23:59:58,,,"Glenwood, FL",United States
11,@GershOnline Wow I didn't realize it was that low,Wow I didn t realize it was that low,0.05,0.4019,0.22594999999999998,neutral,Jamie Gatlin,8309,1858,"Boston, MA",0,0,2021-05-10 23:59:58,,,"Boston, MA",United States
12,@strayney So close,So close,0.0,0.0,0.0,neutral,GeğŸ˜·rge McCğŸ¤™ğŸ»ure,47891,1695,"Boston, MA",1,0,2021-05-10 23:59:58,,,"Chelmsford, MA",United States
13,@Bloodscarecrow1 Understandable,Understandable,0.0,0.0,0.0,neutral,JayBoss,71352,2826,,1,0,2021-05-10 23:59:58,,,"La Puente, CA",United States
14,Absolutely right #Lakeshow https://t.co/5um3EpYMMu,Absolutely right Lakeshow,0.2857142857142857,0.0,0.14285714285714285,neutral,ğŸ€Moha-Quaresmaâš½ï¸,61099,1857,"Burnsville, MN",0,0,2021-05-10 23:59:58,,,"Burnsville, MN",United States
15,"@MLKinOK @okczoo @Team_Tinker Havenâ€™t started the release yet, but getting prepped:)",Tinker Haven t started the release yet but getting prepped,0.0,0.0,0.0,neutral,Cameron Siler Lab,1669,933,University of Oklahoma,1,0,2021-05-10 23:59:58,,,"Norman, OK",United States
16,"@washingtonpost More people die from industrialized livestock production pollution than from coal-powered plants. 
So if you were planning on leaving the city and making that long-contemplated move to the country, youâ€™re just as likely to die from pig shit fumes as freeway gridlock fumes.",More people die from industrialized livestock production pollution than from coal powered plants So if you were planning on leaving the city and making that long contemplated move to the country you re just as likely to die from pig shit fumes as freeway gridlock fumes,0.0625,-0.9132,-0.42535,neutral,John Atkinson,49244,2691,,1,0,2021-05-10 23:59:57,,,"Houston, TX",United States
17,Be #UNBREAKABLE TO THE MOON ğŸš€ğŸš€ğŸš€ ğŸ‘‰ğŸ» https://t.co/LUBroLwpUV,Be UNBREAKABLE TO THE MOON,0.0,0.0,0.0,neutral,Tony Jacobsen #UNBREAKABLE,13826,1685,"Los Angeles, CA",0,0,2021-05-10 23:59:57,,,"California, USA",United States
18,@ride100percent The fast guys here in Michigan love rocking the @ride100percent goggles! https://t.co/DE6OL36QgF,The fast guys here in Michigan love rocking the goggles,0.35,0.6696,0.5098,positive,WJC PHOTOGRAPHY,5703,1621,"Paw Paw, MI",0,0,2021-05-10 23:59:57,,,"Paw Paw, MI",United States
19,Just some carbs to load up on after temporarily losing my soul from skydiving. @ Pasquale's Pizzeria https://t.co/n6pp7uSkJK,Just some carbs to load up on after temporarily losing my soul from skydiving Pasquale s Pizzeria,0.0,-0.3818,-0.1909,neutral,HarwinğŸ‡±ğŸ‡¦,8821,391,Angel Grove,0,0,2021-05-10 23:59:56,-74.15201643,41.67998336,"New York, USA",United States
20,@pittgriffin Steve Jobs for one,Steve Jobs for one,0.0,0.0,0.0,neutral,Mark Schlueter Ù…Ø§Ø±Ùƒ,64371,2331,"Parker , CO",1,0,2021-05-10 23:59:56,,,"Parker, CO",United States
21,Wow itâ€™s really no traffic on 75/85. The hell going on?!,Wow it s really no traffic on 75 85 The hell going on,0.0,-0.5551,-0.27755,neutral,Keisha ğŸ’«,35058,688,"Atlanta, GA",0,0,2021-05-10 23:59:56,,,"Atlanta, GA",United States
22,Has anyone gotten their truck leveled? Or any Price range idea?,Has anyone gotten their truck leveled Or any Price range idea,0.0,0.0,0.0,neutral,.,11680,172,"Perris, France, IE",0,0,2021-05-10 23:59:56,,,"Moreno Valley, CA",United States
23,Grow up https://t.co/cn2e21x3nV,Grow up,0.0,0.0,0.0,neutral,michelob stan account,196829,1573,Miami / Denver,0,0,2021-05-10 23:59:56,,,"Thornton, CO",United States
24,â€œI will remember seeing them walk across the stage forever.â€ #ksugrad @kennesawstate @KSUCCSE #DataScience #Analytics https://t.co/uHHXy4Zd2V,I will remember seeing them walk across the stage forever ksugrad DataScience Analytics,0.0,0.0,0.0,neutral,School of Data Science & Analytics @KSU,1162,490,"Kennesaw, GA",5,0,2021-05-10 23:59:56,,,Fifth Third Bank Stadium,United States
25,So it seems people kinda like what weâ€™re doing!? https://t.co/uX5RWU9qGz,So it seems people kinda like what we re doing,0.0,0.3609,0.18045,neutral,Nicole,153210,1095,"Denver, CO",3,0,2021-05-10 23:59:56,,,"Colorado, USA",United States
26,@digital_drugzx I can see more pictures of it ğŸ¥º,drugzx I can see more pictures of it,0.5,0.0,0.25,neutral,Tayla âœ¨,563,79,In your bedroom ğŸ¥°,1,0,2021-05-10 23:59:55,,,"Watertown, MA",United States
27,Me @ this bum who just hit Xander and then immediately tried to take out Devers too https://t.co/8HTHGTBzEW,Me this bum who just hit Xander and then immediately tried to take out Devers too,0.0,0.0,0.0,neutral,Blake Smith,20364,222,"Indianapolis, IN",0,0,2021-05-10 23:59:55,,,"Indianapolis, IN",United States
28,Good luck tonight @blakeshelton #VoiceTop17,Good luck tonight VoiceTop17,0.7,0.7096,0.7048,positive,Cynthia Kerr,856,12,"Michigan, USA",0,0,2021-05-10 23:59:55,,,"Michigan, USA",United States
29,I got my 6 As ğŸ˜©ğŸ˜­ğŸ™ğŸ¼ hard work pays off,I got my 6 As hard work pays off,-0.2916666666666667,-0.6808,-0.4862333333333333,neutral,S A R A H Ã,8973,254,"Texas, USA",9,0,2021-05-10 23:59:55,,,"Brownsville, TX",United States
30,@socavalier Free samples for your favorite Twitter peeps with arthritic knees? https://t.co/03ZTxyziJz,Free samples for your favorite Twitter peeps with arthritic knees,0.45,0.743,0.5965,positive,Mailman Jack,54249,1114,"Chicago, IL",3,0,2021-05-10 23:59:55,,,"Chicago, IL",United States
31,Just posted a photo @ Xscape https://t.co/bWe9JyUrGv,Just posted a photo Xscape,0.0,0.0,0.0,neutral,Literaturebyjessc ğŸ¥³ğŸ”¥ğŸ‘‘ğŸ«,89692,3415,"Somerville, NJ",0,0,2021-05-10 23:59:55,-74.1734637,40.916042,"Paterson, NJ",United States
32,Trump Republicans don't want to hear the word...Russia. https://t.co/uMkU5zizhL,Trump Republicans don t want to hear the word Russia,0.0,-0.0572,-0.0286,neutral,Cathy Olive,10890,166,"Austin, TX",0,0,2021-05-10 23:59:54,,,"Texas, USA",United States
33,Chick Fil A getting stingy with the sauces now??? Talking about only 2 sauces,Chick Fil A getting stingy with the sauces now Talking about only 2 sauces,0.0,-0.4836,-0.2418,neutral,Gabe,278675,3832,"Houston / Fort Worth, TX",1,0,2021-05-10 23:59:54,,,"Houston, TX",United States
34,@lilrobutty Those things always kinda freak me out for some unknown reason,Those things always kinda freak me out for some unknown reason,-0.1,-0.3832,-0.24159999999999998,neutral,ğŸ‡¨ğŸ‡± GucciGucciLynx #ChileViolatesHumanRights ğŸ‡¨ğŸ‡±,6310,473,"Clarksville, IN",0,0,2021-05-10 23:59:54,,,"Clarksville, IN",United States
35,@samiamsamh @latimesent heâ€™s a really popular comedian!! you should watch some of his shows theyâ€™re so good :),he s a really popular comedian you should watch some of his shows they re so good,0.6499999999999999,0.927,0.7885,positive,constance â˜¾ | ğŸ–¤,1368,79,she/her,13,0,2021-05-10 23:59:54,,,"Belvidere, NJ",United States
36,@TwoHeartedLoon Or a little butter/cinnamon combo. And obviously the standard PB&amp;J can never go wrong.,Or a little butter cinnamon combo And obviously the standard PB amp J can never go wrong,-0.171875,0.3724,0.1002625,neutral,Brock Edward,28895,347,"Toledo, Ohio",1,0,2021-05-10 23:59:54,,,"Toledo, OH",United States
37,"#Tigers making the most of â€˜adrenaline junkieâ€™ Michael Fulmer, working with Gregory Sotoâ€™s â€˜timing issuesâ€™ 

Fulmer: â€œI told AJ (Hinch) I wanted to be thrown in the fire if I'm going to stay in the bullpen.â€ https://t.co/8SHCdm8N7E",Tigers making the most of adrenaline junkie Michael Fulmer working with Gregory Soto s timing issues Fulmer I told AJ Hinch I wanted to be thrown in the fire if I m going to stay in the bullpen,0.5,-0.34,0.07999999999999999,neutral,Evan Petzold,32081,6802,"Detroit, MI",8,2,2021-05-10 23:59:53,,,"Harrison, MI",United States
38,X Clan https://t.co/u2lMHT13Ai,X Clan,0.0,0.0,0.0,neutral,Tony Beck,1172,174,"Seattle, Washington",1,0,2021-05-10 23:59:53,,,"Seattle, WA",United States
39,Lemme get ready to go to this lil get together though I need fresh air ğŸ™ƒ,Lemme get ready to go to this lil get together though I need fresh air,0.25,0.5859,0.41795,neutral,Â¡CHAVEZ!,28811,2164,"District of Columbia, USA",1,0,2021-05-10 23:59:53,,,"Washington, DC",United States
40,"Despite controlling much of the possession for the first 7 minutes of the second half, the Panthers trail 2-0 in the 5A lower state title game.",Despite controlling much of the possession for the first 7 minutes of the second half the Panthers trail 2 0 in the 5A lower state title game,-0.023333333333333338,-0.296,-0.15966666666666665,neutral,Ian Livingston Brooking,63640,644,"Conway, SC",0,0,2021-05-10 23:59:53,,,"South Carolina, USA",United States
41,"*sees twin guys*
Me: I wonder who got the biggest meat? https://t.co/E0FT8BJnOn",sees twin guys Me I wonder who got the biggest meat,0.0,0.0,0.0,neutral,ğŸŒˆKaren Clark-Sheard Cankle StanğŸ³ï¸â€âš§ï¸,37222,3070,Houston TX ,8,0,2021-05-10 23:59:53,,,"Houston, TX",United States
42,"@ShadowOftheBat I never really did watch ESPN DK. The vast majority of their coverage is football and basketball, two sports I don't follow, except CFL and college FB. They have virtually no hockey coverage and I never liked their MLB coverage that much.",I never really did watch ESPN DK The vast majority of their coverage is football and basketball two sports I don t follow except CFL and college FB They have virtually no hockey coverage and I never liked their MLB coverage that much,-0.05,-0.5472,-0.29860000000000003,neutral,Charlie Meredith,41367,489,"Carlsbad, CA",0,0,2021-05-10 23:59:53,,,"Carlsbad, CA",United States
43,"During WWII the U.S supported the Nazis until they turned west. But even throughout the war we still funded them. 

After that, once again, the U.S is supporting and funding the white supremacist group over the oppressed minority.

How many times must history repeat itself. https://t.co/rymI3E1bmD",During WWII the U S supported the Nazis until they turned west But even throughout the war we still funded them After that once again the U S is supporting and funding the white supremacist group over the oppressed minority How many times must history repeat itself,0.25,-0.6428,-0.19640000000000002,neutral,Daniel Gonzalez III,4699,700,"Miami, FL",0,0,2021-05-10 23:59:52,,,"Miami Lakes, FL",United States
44,@rcmnature Joy in Nature! Be joyful always ğŸ’–! https://t.co/qGkd4hxm0D,Joy in Nature Be joyful always,0.8,0.9401,0.87005,positive,Rev. Young S Kim,17095,1831,"New Jersey, USA",1,0,2021-05-10 23:59:52,,,"Heathcote, NJ",United States
45,And now I'm even high as shit that art was worth the time,And now I m even high as shit that art was worth the time,0.08666666666666667,-0.4019,-0.15761666666666665,neutral,Total News junkie running bull grin and bear it,154773,858,"Colorado, USA",0,0,2021-05-10 23:59:52,,,"Glenwood Springs, CO",United States
46,@303_Magazine So.... so itâ€™s a coffee shop?,Magazine So so it s a coffee shop,0.0,0.0,0.0,neutral,Doug Jasper,1302,219,Coastal Carolina,0,0,2021-05-10 23:59:52,,,"Denver, CO",United States
47,Dogs tired=Successful day trip up the north shore https://t.co/v8MJyRUinY,Dogs tired Successful day trip up the north shore,0.175,0.0,0.0875,neutral,Will,15148,126,"St Paul, MN",3,0,2021-05-10 23:59:52,,,"Minnesota, USA",United States
48,@VanDerek__ I was annoyed with him from day one. He gave Schmidt HELL just for him to turn out to be a shitty person. I wish he wouldâ€™ve died instead of DeLuca and DeLuca was hella annoying.,I was annoyed with him from day one He gave Schmidt HELL just for him to turn out to be a shitty person I wish he would ve died instead of DeLuca and DeLuca was hella annoying,-0.6000000000000001,-0.9471,-0.7735500000000001,negative,âœ¨ Gooch Gobblin âœ¨,213737,1380,Fresh Out The Asylum,1,0,2021-05-10 23:59:52,,,"Brooklyn, NY",United States
49,"â€œIf you broke just say datâ€, nah that mane ainâ€™t no goofy &amp; just ainâ€™t bout to spend on somebody he canâ€™t even find a genuine connection w/ or even a like for that matter.",If you broke just say dat nah that mane ain t no goofy amp just ain t bout to spend on somebody he can t even find a genuine connection w or even a like for that matter,0.07500000000000001,-0.4215,-0.17325,neutral,Dranky Beverly & MazeğŸ¥ƒ,267339,6838,Louisiana âšœï¸ to $crewston ğŸ¤ŸğŸ¾,0,0,2021-05-10 23:59:52,,,"Houston, TX",United States
50,i look at myself in the mirror and genuinely want to throw stones at myself,i look at myself in the mirror and genuinely want to throw stones at myself,0.4,0.0772,0.2386,neutral,tayğŸ¦‹,2915,133,"Tyler, TX",1,0,2021-05-10 23:59:52,,,"Texas, USA",United States
51,Just posted a photo @ Sanitas Cycling https://t.co/jA3Mw0ZYrl,Just posted a photo Sanitas Cycling,0.0,0.0,0.0,neutral,Sanitas Sports,964,491,"Nederland, Colorado ",0,0,2021-05-10 23:59:51,-105.41614424,39.97645555,"Colorado, USA",United States
52,@stealthtrash It be like that,It be like that,0.0,0.3612,0.1806,neutral,banana bread at work bro,14683,191,Las Vegas,1,0,2021-05-10 23:59:51,,,"Las Vegas, NV",United States
53,"Career tip for landing jobs like ""Retail Sales Associate $13.35/hr"" in #Lewiston, ID. Go on informational interviews. The best way to get a meeting with a hiring manager is to ask for an informational meeting. #CustomerService",Career tip for landing jobs like Retail Sales Associate 13 35 hr in Lewiston ID Go on informational interviews The best way to get a meeting with a hiring manager is to ask for an informational meeting CustomerService,1.0,0.7717,0.88585,positive,ID Cust. Srv. Jobs,329,142,Idaho,0,0,2021-05-10 23:59:51,-117.0000356,46.4008392,"Lewiston, ID",United States
54,@CALLlCAT What talk about chaos - congratulations on your graduation,What talk about chaos congratulations on your graduation,0.0,0.0516,0.0258,neutral,Michelle ğŸ’™â¤ï¸ğŸˆ,24700,641,Buffalo New york,0,0,2021-05-10 23:59:51,,,"New York, USA",United States
55,"@CreativeDifs Of course. But thereâ€™s enough people demonizing Israel for defending itself. If you shoot rockets, you get rockets. I blame Hamas for all relevant casualties.",Of course But there s enough people demonizing Israel for defending itself If you shoot rockets you get rockets I blame Hamas for all relevant casualties,0.2,-0.7351,-0.26754999999999995,neutral,Seth Daniel - ×¡×ª ×“× ×™××œ,2724,2929,"Los Angeles, CA",6,0,2021-05-10 23:59:51,,,"Memphis, TN",United States
56,I just shared with someone that I am attracted to dad bods.... #butitstrue I am !!,I just shared with someone that I am attracted to dad bods butitstrue I am,0.0,0.6988,0.3494,neutral,sá´á´œÊŸÉªsá´›Éªá´„á´€ÊŸÊŸÊ á´…Éªá´ ÉªÉ´á´‡,4018,33,"Southern, MD",0,0,2021-05-10 23:59:50,,,"Indian Head, MD",United States
57,@GuarioCandanga @Oscarlfontan @selfienat0r Guardenme medio coffee cake ğŸ¤¤ğŸ¤¤,Guardenme medio coffee cake,0.0,0.0,0.0,neutral,Maribel Torres,3071,141,"Puerto Rico, USA",3,0,2021-05-10 23:59:50,,,"Hato Rey Sur, USA",United States
58,@AP A bishop canâ€™t decide excommunication for any Catholic. Excommunication (the inability to participate in receiving the Eucharist) can only be done by the Pope.,A bishop can t decide excommunication for any Catholic Excommunication the inability to participate in receiving the Eucharist can only be done by the Pope,0.0,-0.4019,-0.20095,neutral,Alejandro Villegas,42159,4233,"Central Southwest, Houston",2,0,2021-05-10 23:59:50,,,"Enterprise, NV",United States
59,Welcome back the former TWE Champion! https://t.co/CcLE81HxpL,Welcome back the former TWE Champion,0.26666666666666666,0.8016,0.5341333333333333,positive,TWE Chattanooga,1541,1652,"Chattanooga, TN",13,3,2021-05-10 23:59:50,,,"Chattanooga, TN",United States
60,"More people die from industrialized livestock production pollution than from coal-powered plants. 
So if you were planning on leaving the city and making that long-contemplated move to the country, youâ€™re just as likely to die from pig shit fumes as freeway gridlock fumes. https://t.co/t9LNrjzzdt",More people die from industrialized livestock production pollution than from coal powered plants So if you were planning on leaving the city and making that long contemplated move to the country you re just as likely to die from pig shit fumes as freeway gridlock fumes,0.0625,-0.9132,-0.42535,neutral,John Atkinson,49244,2691,,0,0,2021-05-10 23:59:50,,,"Houston, TX",United States
61,"Not to say #Oakland doesnâ€™t need State &amp; Federal help, but maybe... just maybe... instead of increasing @oaklandpolicecaâ€™s budget, if we used that money on services for the homeless and programs to get them off the street, we could start to put a dent in the 5000+ homeless.",Not to say Oakland doesn t need State amp Federal help but maybe just maybe instead of increasing s budget if we used that money on services for the homeless and programs to get them off the street we could start to put a dent in the 5000 homeless,0.0,0.2144,0.1072,neutral,Spencer: For Hire,90360,8064,"Oakland, CA",2,1,2021-05-10 23:59:50,,,"Oakland, CA",United States
62,@orlandomayor @OCFLMayor Open up the city. Get out of the way.,Open up the city Get out of the way,0.0,0.0,0.0,neutral,Travous Dever,20361,550,"New Smyrna Beach, Fl",1,0,2021-05-10 23:59:49,,,"New Smyrna Beach, FL",United States
63,"Iâ€™m so proud to receive the endorsement of Adnan Khan @akhan1437. I had the great honor to meet Adnan over zoom the other day for our first one on one conversation. A new resident of Los Angeles, Adnan is the cofounder &amp; Executive Director of Re:Store Justice @restorejusticecal. https://t.co/hh2JeY9VPW",I m so proud to receive the endorsement of Adnan Khan I had the great honor to meet Adnan over zoom the other day for our first one on one conversation A new resident of Los Angeles Adnan is the cofounder amp Executive Director of Re Store Justice,0.37227272727272726,0.9468,0.6595363636363636,positive,AL for LA (Albert Corado),970,2507,"Los Angeles, CA",48,8,2021-05-10 23:59:49,,,"Los Angeles, CA",United States
64,@sfxposts @MomoCon Interesting,Interesting,0.5,0.4019,0.45094999999999996,neutral,Matthew Lucas,108224,675,"West Nyack, NY",0,0,2021-05-10 23:59:49,,,"West Nyack, NY",United States
65,@kellyclarkson @CruiseNorwegian Right back at  cha.,Right back at cha,0.14285714285714285,0.0,0.07142857142857142,neutral,Pam Rodman,6724,2482,"Champaign, IL",0,0,2021-05-10 23:59:49,,,"Champaign, IL",United States
66,he literally has the best graphic tees ğŸ˜‚ https://t.co/gZ1VzzvCd1,he literally has the best graphic tees,0.5,0.7964,0.6482,positive,Ashton Bonin,11659,2529,Texas A&M University,2,0,2021-05-10 23:59:49,,,"Texas, USA",United States
67,@lareina_labree @RakimFromBK You donâ€™t agree?,labree You don t agree,0.0,0.3612,0.1806,neutral,"King, Pineapple ğŸ–¤",43933,627,Find Meh,0,0,2021-05-10 23:59:49,,,"Memphis, TN",United States
68,Happy Mother's Day! ğŸ¦…ğŸ’ğŸŒğŸŒ´ğŸ’œğŸ‘‘ğŸ‘½ğŸ––ğŸ½ğŸ”®ğŸŒˆğŸ‘ğŸ¬ğŸ¥ğŸ“· #MothersDay2021 #MothersDay #HappyMothersDay #MsMastaFoXX #MastaOracle #Chakras #NeoMind #Creator #5DEye #5DBeings #5DWave #MsCosmicQueen #LosAngeles #THC #TribeOfHigherConsciousness #CosmicFam #FreeSpirit #MyCreatorLife #VlogStar https://t.co/NeRTRh7MTN,Happy Mother s Day MothersDay2021 MothersDay HappyMothersDay MsMastaFoXX MastaOracle Chakras NeoMind Creator 5DEye 5DBeings 5DWave MsCosmicQueen LosAngeles THC TribeOfHigherConsciousness CosmicFam FreeSpirit MyCreatorLife VlogStar,0.8,0.8478,0.8239000000000001,positive,MsMastaFoXX5.0 â™ŒğŸ‘½ğŸ––ğŸ¼ğŸŒ‹ğŸŒŠğŸ’œğŸ•‰Cosmic QueenğŸ‘‘,13443,1344,MyCreatorLife,1,0,2021-05-10 23:59:49,,,"Los Angeles, CA",United States
69,@kosigz I think I can generally visualize most things yeah ğŸ˜®,I think I can generally visualize most things yeah,0.275,0.3566,0.31579999999999997,neutral,Steven Xu,1569,206,"Sunnyvale, CA",1,0,2021-05-10 23:59:49,,,"Sunnyvale, CA",United States
70,@Pam2189 Oh my heart. So precious.,Oh my heart So precious,0.5,0.8733,0.68665,positive,Jessica Walker,807,55,"Wenatchee, WA",1,1,2021-05-10 23:59:49,,,"West Wenatchee, WA",United States
71,my sun &amp; moon ğŸ˜­ double homicide https://t.co/s3IP5mvkqU,my sun amp moon double homicide,0.0,-0.4767,-0.23835,neutral,APAC,49671,2039,,0,0,2021-05-10 23:59:49,,,"Virginia Beach, VA",United States
72,@chefjanelfields Baby itâ€™s creeepin to $3 in Knoxville. Yikes,Baby it s creeepin to 3 in Knoxville Yikes,0.0,0.0,0.0,neutral,Matt Ladd,6835,167,Knoxville TN,0,0,2021-05-10 23:59:49,,,"Kaanapali, HI",United States
73,@KinggColee_ Lmaoo slight flex,Lmaoo slight flex,-0.16666666666666666,0.0,-0.08333333333333333,neutral,JALEN,20336,1643,"Houston, TX",1,0,2021-05-10 23:59:49,,,"Houston, TX",United States
74,"This isnâ€™t about prejudice or religion, itâ€™s about human rights. The actions of one state in particular uses religion to try and obfuscate and paint critics as something theyâ€™re not. They insist youâ€™re prejudiced if you stand against their human rights abuse.",This isn t about prejudice or religion it s about human rights The actions of one state in particular uses religion to try and obfuscate and paint critics as something they re not They insist you re prejudiced if you stand against their human rights abuse,0.05555555555555555,-0.9118,-0.42812222222222224,neutral,MK,493,764,"West Hollywood, CA",0,0,2021-05-10 23:59:48,,,"West Hollywood, CA",United States
75,@thatnastyboss Dm me witch one my g,Dm me witch one my g,0.0,-0.3612,-0.1806,neutral,Dl Throat Goat,162,97,"Atlanta, GA",0,0,2021-05-10 23:59:48,,,"Union City, GA",United States
76,Today Iâ€™m working on @ahrexhooks PR378 GB 2/0 and I wish they making 1/0 and that will be perfect! By the way it was fun hooks to play with! @ Bradford Woods https://t.co/hSJeS8Iq1Z,Today I m working on PR378 GB 2 0 and I wish they making 1 0 and that will be perfect By the way it was fun hooks to play with Bradford Woods,0.65,0.9133,0.78165,positive,Amran A Ahmad,956,46,Indiana,1,0,2021-05-10 23:59:48,-86.43310134,39.50472235,"Indiana, USA",United States
77,"""#BigFACTS #FR THO CUZ MY #TIMEISCOMING! #BELIEVEinMYSELF #SHORTyyDOPE!"" ğŸ’¯ğŸ˜­ğŸ˜­ğŸ˜­ğŸ˜­ğŸ˜­ğŸ’¨ğŸ’¨ğŸ’¨ğŸ’¨ğŸ’¨ğŸğŸğŸ•—ğŸ—“ @ Cherry Hill, New Jersey https://t.co/armzSfBtPc",BigFACTS FR THO CUZ MY TIMEISCOMING BELIEVEinMYSELF SHORTyyDOPE Cherry Hill New Jersey,0.13636363636363635,-0.944,-0.4038181818181818,neutral,$HoRTyy DoPE,3499,593,"Camden, NJ",0,0,2021-05-10 23:59:48,-75.0311,39.9347,"Cherry Hill, NJ",United States
78,@dukefan1909 Thanks love ğŸ’• ğŸ’–,Thanks love,0.35,0.9571,0.65355,positive,Kc definitely not ElvisğŸ‘‰ TCBâš¡ğŸ¸ğŸ¶ lolğŸ˜ğŸ¤ŸğŸ’¯,7078,441,"Manhattan, NY",1,0,2021-05-10 23:59:48,,,"Manhattan, NY",United States
79,Yea Plant Based Junkie it is from now on,Yea Plant Based Junkie it is from now on,0.0,0.0,0.0,neutral,C.A.M.,45321,763,Ahead of my time,0,0,2021-05-10 23:59:48,,,"Chicago, IL",United States
80,@turoczy Remember startup lists?,Remember startup lists,0.0,0.0,0.0,neutral,andrew unicorn hyde,86235,23545,"Boulder, CO",6,0,2021-05-10 23:59:48,,,"Colorado, USA",United States
81,"@HenryTheBlasian What up HTB...Dimer me mama.
...appreciate the work u do...xplosive415",What up HTB Dimer me mama appreciate the work u do xplosive415,0.0,0.4019,0.20095,neutral,Ruck,6148,53,,0,0,2021-05-10 23:59:47,,,"California, USA",United States
82,Great season guys!!  Thanks for a memorable season!!  Go Pirates!! https://t.co/76DcMEL5MX,Great season guys Thanks for a memorable season Go Pirates,0.5,0.8469,0.67345,positive,ğŸ‡ºğŸ‡¸ğŸ‡ºğŸ‡¸ğŸ‡ºğŸ‡¸ğŸ‡ºğŸ‡¸ğŸ‡ºğŸ‡¸Bill ZottiğŸ‡ºğŸ‡¸ğŸ‡ºğŸ‡¸ğŸ‡ºğŸ‡¸ğŸ‡ºğŸ‡¸ğŸ‡ºğŸ‡¸,2316,92,"ChampionsGate, FL",2,0,2021-05-10 23:59:47,,,"Champions Gate, Florida",United States
83,The Palestinian people have had their civil and human rights trampled on repeatedly. There will never be justice or peace until the world feels their rights matter as much as Israelâ€™s. Decolonize the world.,The Palestinian people have had their civil and human rights trampled on repeatedly There will never be justice or peace until the world feels their rights matter as much as Israel s Decolonize the world,0.1,0.2081,0.15405000000000002,neutral,Garfield Holland,6829,1320,"Bronx, NY",5,0,2021-05-10 23:59:47,,,"Bronx, NY",United States
84,RAFFFYYYY!!! 1-1!!!,RAFFFYYYY 1 1,0.0,0.0,0.0,neutral,Jeff Hoak,11305,183,"Bangor, ME",0,0,2021-05-10 23:59:47,,,"Bangor, ME",United States
85,@IlhanMN Thank you for standing up for the voiceless.  If they had AIPAC lobbyists we would sanction Apartheid regime in Israel.,Thank you for standing up for the voiceless If they had AIPAC lobbyists we would sanction Apartheid regime in Israel,0.0,0.3612,0.1806,neutral,Kyle,1130,27,"Florida, USA",0,0,2021-05-10 23:59:47,,,"Florida, USA",United States
86,@McGrupp_ Okey donkey! https://t.co/b8wMDMAm3K,Okey donkey,0.0,0.0,0.0,neutral,(((OBA))),3877,539,"Westport, CT",1,0,2021-05-10 23:59:47,,,"Westport, CT",United States
87,ğŸ¥ºğŸ¥ºso proud https://t.co/qwckZSE4vl,so proud,0.8,0.4767,0.63835,positive,MadzğŸ–¤ğŸ‘»,80128,4467,"Houston, TX",2,0,2021-05-10 23:59:47,,,"Houston, TX",United States
88,Free them niggas in Palestine,Free them niggas in Palestine,0.4,0.2263,0.31315000000000004,neutral,WASTEMAN,22060,425,"Miami, FL",1,0,2021-05-10 23:59:47,,,"Los Angeles, CA",United States
89,Happy birthday to one of the best guys on the planet! @Hookemcougs https://t.co/i9jbSHyT8S,Happy birthday to one of the best guys on the planet,0.9,0.8478,0.8739,positive,Ken Curtis,30420,1583,"Utah, USA",5,0,2021-05-10 23:59:46,,,"Layton, UT",United States
90,@susanclarissie @Goper91 @BigJacks Payphones,Payphones,0.0,0.0,0.0,neutral,Joshua J. Carlson,4324,203,libraries are not neutral,4,0,2021-05-10 23:59:46,,,"Mamaroneck, NY",United States
91,@sassenachdarby That's exactly what I would do!,That s exactly what I would do,0.25,0.0,0.125,neutral,T. Garner Rafferty,734,167,"Little Rock, AR",1,0,2021-05-10 23:59:46,,,"Little Rock, AR",United States
92,@FCS_Fans_Nation @DLSmith93 @kylorEPH @Chris_P_Hammond @MattFraaze Itâ€™s been a rough decade...,Fans Nation P Hammond It s been a rough decade,-0.1,0.0,-0.05,neutral,DI â€œOne Final Ride for King Kun!!!â€,25371,1545,"Denver, CO",1,0,2021-05-10 23:59:46,,,"Southglenn, CO",United States
93,"@OTruta Ever Herd of Biblical HEGEMONY
a SELFFULLFILLING
 master NARATIVE that has
sepeeated us from Each other 
Nature &amp; SELF
creating a disasociative Existence 
where our Locus of control = Reality
&amp;the
Laws/Habits of Nature=Truth
M entaly
I  ''ll
A  mericans
3/10 on Psychiatric meds.",Ever Herd of Biblical HEGEMONY a SELFFULLFILLING master NARATIVE that has sepeeated us from Each other Nature amp SELF creating a disasociative Existence where our Locus of control Reality amp the Laws Habits of Nature Truth M entaly I ll A mericans 3 10 on Psychiatric meds,-0.125,0.296,0.08549999999999999,neutral,Me&ElvisğŸâœŒğŸ‘£ğŸµSOJOURNEROFTRUTH Tritium@911Namaste,38793,1332,NYğŸŒ¹ğŸ@A-Whole-UğŸŒâ˜¯ï¸Pass it On,0,0,2021-05-10 23:59:46,,,"New York, USA",United States
94,iâ€™m trying to get my hands on that skirt pls donâ€™t forget again !! ğŸ˜–ğŸ˜£ https://t.co/HOJUHEtA0N,i m trying to get my hands on that skirt pls don t forget again,0.0,-0.2924,-0.1462,neutral,888,30272,2519,"Houston, TX",1,1,2021-05-10 23:59:46,,,"Houston, TX",United States
95,Damn I got my tits done 11 months ago &amp; itâ€™s still the best decision Iâ€™ve ever made in my life,Damn I got my tits done 11 months ago amp it s still the best decision I ve ever made in my life,1.0,0.1531,0.57655,positive,JoceğŸ‡³ğŸ‡®ğŸ‡²ğŸ‡½,10046,2638,"Chicago, IL",62,1,2021-05-10 23:59:46,,,"Chicago, IL",United States
96,"100% capacity for our championship game! It not only means a lot to the players and staffs for each program, but it means a lot for the fans and workers for each FCS program! https://t.co/Asy5OHmnfB",100 capacity for our championship game It not only means a lot to the players and staffs for each program but it means a lot for the fans and workers for each FCS program,-0.2,0.3682,0.08410000000000001,neutral,John-Allen Stone,7770,540,"Macon, GA",0,0,2021-05-10 23:59:46,,,"Hilton Head Island, SC",United States
97,@TevGotThatPack Happy Gday cuhhh live it up dawg be safe âœŠğŸ¾ğŸ¤˜ğŸ¾,Happy Gday cuhhh live it up dawg be safe,0.4787878787878788,0.765,0.6218939393939394,positive,Â®ï¸ayB!,12006,371,"Orlando, FL ",1,1,2021-05-10 23:59:45,,,"Florida, USA",United States
98,Did this last year on my Instagram and you know how many threats I got from niggas taking to themselves in my DMğŸ¤£ğŸ’€ https://t.co/0WE93BphnO,Did this last year on my Instagram and you know how many threats I got from niggas taking to themselves in my DM,0.25,-0.25,0.0,neutral,CHAOS ğŸ¥°ğŸŒª,8218,716,"Austin, TX",0,0,2021-05-10 23:59:45,,,"Austin, TX",United States
99,Russell Westbrook Trae Young Washington Wizards Atlanta Hawks NBA Triple Double @NBATV Russell Westbrook Trae Young Washington Wizards Atlanta Hawks NBA Triple Double @NBATV,Russell Westbrook Trae Young Washington Wizards Atlanta Hawks NBA Triple Double Russell Westbrook Trae Young Washington Wizards Atlanta Hawks NBA Triple Double,0.05,0.0,0.025,neutral,Absolation,127590,538,"Tulsa, OK to Houston, TX",0,0,2021-05-10 23:59:45,,,"Houston, TX",United States
100,"@megasimmaster @EuroWynner @RoibearddeUna @GravelInstitute This is a better view. The masses of people is at the Western Wall plaza, the holiest site for Jews accessible today
Above is the Al-Aqsa mosque and the Temple Mount plaza, the 3rd-holiest site in Islamic tradition.
It's a spot sacred to all three Abrahamic traditions. https://t.co/rK3V2zOQuE",This is a better view The masses of people is at the Western Wall plaza the holiest site for Jews accessible today Above is the Al Aqsa mosque and the Temple Mount plaza the 3rd holiest site in Islamic tradition It s a spot sacred to all three Abrahamic traditions,0.175,0.4404,0.3077,neutral,Charles Gross ğŸ§¢,4388,332,"Brooklyn, NY",4,0,2021-05-10 23:59:45,,,"Brooklyn, NY",United States
